2027_Cricket_World_Cup,6782
Rethinking,5279
Chris_Soules,5229
Anna_Lezhneva,3764
Jillie_Mack,3685
Hera_Pheri_3,3485
Shannon_de_Lima,3422
Harem_Mate,3393
VMI_Cadets_at_New_Market,3241
The_Garden_(1977_film),3036
Hillary_Harley,2954
Lois_Sasson,2925
Manjhi:_The_Mountain_Man,2843
Upcoming_Gwen_Stefani_studio_album,2812
Ben_Woolf,2764
Jacqueline_Ray,2749
Noblesse_Oblige_(TV_series),2582
Oliver_Trevena,2426
Sai_Lokur,2407
MasterChef_(Canada_season_2),2284
Emilie_Livingston,2214
June_Fairchild,2209
Super_Bowl_LIII,2080
Tim_Leissner,2034
Alexis_DeJoria,2027
Wolverines_(comics),1977
Taylor_Bagley,1966
Joe_Swanson_(convict),1930
Eosinophilic_mucin_rhinosinusitis,1920
Street_Lights,1917
Caldwell-Luc_radical_antrostomy,1899
Bobby_Mukherjee,1865
List_of_awards_and_nominations_received_by_Ajith_Kumar,1860
Kashmora,1851
Seminal_vesiculitis,1842
Amber_Jaeger,1826
Kiana_Kim,1798
Mario_Revolori,1785
John_Clark_Gable,1771
RESTful_APIs,1760
Blue_Movie_(channel),1756
Carla_Perez,1752
Asia_on_HD,1738
Layla_Alizada,1641
Age_of_Mythology:_Extended_Edition,1623
Geezer_(film),1609
Get_a_Job_(2015_film),1594
Unexplained_disappearances,1592
Xnxx,1548
Ravjeet_Singh,1541
